,id,title,authors,doi,link,pub_year,type,abstract,source,pub_title
57,58,Static Vulnerabilities Detection Based on Extended Vulnerability State Machine Model,B. Liang,10.1109/NSWCTC.2009.10,https://ieeexplore.ieee.org/stamp/stamp.jsp?arnumber=4908466,2009.0,IEEE Conferences,"A static vulnerability detection method based on an extended vulnerability state machine is proposed in this paper. In this method, the state space of state machine model is extended. The security...",IEEE Xplore,"2009 International Conference on Networks Security, Wireless Communications and Trusted Computing"
62,63,Security evaluation of proactive secret sharing cryptosystem,S. Tingjun,10.1109/CCCM.2009.5268108,https://ieeexplore.ieee.org/stamp/stamp.jsp?arnumber=5268108,2009.0,IEEE Conferences,"The proactive secret sharing (PSS) scheme divides the lifetime of a secret into a series of time periods, in which the shares are periodically updated without changing the secret. This paper propo...",IEEE Xplore,"2009 ISECS International Colloquium on Computing, Communication, Control, and Management"
118,119,Dependability Analysis of Information Systems with Hierarchical Reconfiguration of Services,D. Caban; W. Zamojski,10.1109/SECURWARE.2008.32,https://ieeexplore.ieee.org/stamp/stamp.jsp?arnumber=4622606,2008.0,IEEE Conferences,The paper presents an approach to dependability analysis of a class of networked information systems based on distributed services. The system consists of groups of servers that react autonomously...,IEEE Xplore,"2008 Second International Conference on Emerging Security Information, Systems and Technologies"
144,145,HealthSense: A medical use case of Internet of Things and blockchain,T. Dey; S. Jaiswal; S. Sunderkrishnan; N. Katre,10.1109/ISS1.2017.8389459,https://ieeexplore.ieee.org/stamp/stamp.jsp?arnumber=8389459,2017.0,IEEE Conferences,"Blockchain and Internet of things are the most promising and upcoming technologies. Blockchain is a distributed, peer to peer database forming a chain between multiple blocks of data. The internet...",IEEE Xplore,2017 International Conference on Intelligent Sustainable Systems (ICISS)
163,164,Security Function Virtualization Based Moving Target Defense of SDN-Enabled Smart Grid,G. Lin; M. Dong; K. Ota; J. Li; W. Yang; J. Wu,10.1109/ICC.2019.8761217,https://ieeexplore.ieee.org/stamp/stamp.jsp?arnumber=8761217,2019.0,IEEE Conferences,"Software-defined networking (SDN) allows the smart grid to be centrally controlled and managed by decoupling the control plane from the data plane, but it also expands attack surface for attackers...",IEEE Xplore,ICC 2019 - 2019 IEEE International Conference on Communications (ICC)
178,179,Simmelian Ties and Structural Holes: Exploring Their Topological Roles in Forming Trust for Securing Wireless Sensor Networks,M. Xiang; W. Liu; Q. Bai; A. Al-Anbuky,10.1109/Trustcom.2015.362,https://ieeexplore.ieee.org/stamp/stamp.jsp?arnumber=7345270,2015.0,IEEE Conferences,"Due to the nature of wireless sensor networks (WSNs) in open-access and error-prone wireless environments, the security issues are always crucial. The traditional security mechanisms such as Publi...",IEEE Xplore,2015 IEEE Trustcom/BigDataSE/ISPA
356,357,Secrecy Outage Performance for DF Buffer-Aided Relaying Networks With a Multi-Antenna Destination,C. Wei; W. Yang; Y. Cai; X. Tang; G. Kang,10.1109/ACCESS.2019.2907781,https://ieeexplore.ieee.org/stamp/stamp.jsp?arnumber=8676270,2019.0,IEEE Journals,"In this paper, we investigate the secrecy outage performance of decode-and-forward (DF) buffer-aided relaying networks with a multi-antenna destination in the presence of an eavesdropper. In order...",IEEE Xplore,IEEE Access
411,412,Efficient computation of discounted asymmetric information zero-sum stochastic games,L. Li; J. S. Shamma,10.1109/CDC.2015.7402927,https://ieeexplore.ieee.org/stamp/stamp.jsp?arnumber=7402927,2015.0,IEEE Conferences,"In asymmetric information zero-sum games, one player has superior information about the game over the other. Asymmetric information games are particularly relevant for security problems, e.g., whe...",IEEE Xplore,2015 54th IEEE Conference on Decision and Control (CDC)
445,446,Transparent 3rd-Party Authentication with Application Mobility for 5G Mobile Edge Computing,A. Ali; Y. -D. Lin; C. -Y. Li; Y. -C. Lai,10.1109/EuCNC48522.2020.9200937,https://ieeexplore.ieee.org/stamp/stamp.jsp?arnumber=9200937,2020.0,IEEE Conferences,Multi-access Edge Computing (MEC) is a key technology for supporting low latency applications close to the end user. Users can access application servers in MEC instead of routing to the internet ...,IEEE Xplore,2020 European Conference on Networks and Communications (EuCNC)
574,575,Adaptive Security Risk Mitigation in Edge Computing: Randomized Defense Meets Prospect Theory,T. Halabi,10.1145/3453142.3493511,https://ieeexplore.ieee.org/stamp/stamp.jsp?arnumber=9709022,2021.0,IEEE Conferences,"Edge computing supports the deployment of ubiquitous, smart services by providing computing and storage closer to terminal devices. However, ensuring the full security and privacy of computations ...",IEEE Xplore,2021 IEEE/ACM Symposium on Edge Computing (SEC)
582,583,A BDD-Based Analysis Method for Probabilistic Competing Failures of Multi-State Sensor Array System,L. Chen; L. Zhang,10.1109/QR2MSE46217.2019.9021139,https://ieeexplore.ieee.org/stamp/stamp.jsp?arnumber=9021139,2019.0,IEEE Conferences,The sensor array system is an advanced equipment based on modern detection and sensor technology. It was developed to qualitatively and quantitatively analyze complex mixed odor or liquid sample. ...,IEEE Xplore,"2019 International Conference on Quality, Reliability, Risk, Maintenance, and Safety Engineering (QR2MSE)"
638,639,Adaptive security provision for increased energy efficiency in Wireless Sensor Networks,M. Younis; N. Krajewski; O. Farrag,10.1109/LCN.2009.5355022,https://ieeexplore.ieee.org/stamp/stamp.jsp?arnumber=5355022,2009.0,IEEE Conferences,This paper introduces a novel optimization strategy for increasing the resource efficiency and security of data routing in a wireless sensor network. Most secure routing schemes found in the liter...,IEEE Xplore,2009 IEEE 34th Conference on Local Computer Networks
681,682,A Chinese Multi-modal Relation Extraction Model for Internet Security of Finance,Q. Lai; S. Ding; J. Gong; J. Cui; S. Liu,10.1109/DSN-W54100.2022.00029,https://ieeexplore.ieee.org/stamp/stamp.jsp?arnumber=9833827,2022.0,IEEE Conferences,"As the base of the whole economy and society, internet security of finance directly affects the overall development of the country. With the development of the Internet, it is essential to effecti...",IEEE Xplore,2022 52nd Annual IEEE/IFIP International Conference on Dependable Systems and Networks Workshops (DSN-W)
685,686,Enabling Multi-Tenant Networks for the Automation Industry,R. Frank; M. Scheffel; F. Zeiger; H. -P. Huth,10.1109/NetSys.2019.8854508,https://ieeexplore.ieee.org/stamp/stamp.jsp?arnumber=8854508,2019.0,IEEE Conferences,"Future industrial networks are expected to not only provide a rich environment of very different devices, but also will host a multitude of applications operated and managed by different parties, ...",IEEE Xplore,2019 International Conference on Networked Systems (NetSys)
696,697,Optimal Steady-State Operation of a MTDC system based on DC-Independent System Operator Objectives,F. Gonzalez-Longatt,10.1049/cp.2015.0031,https://ieeexplore.ieee.org/stamp/stamp.jsp?arnumber=7140514,2015.0,IET Conferences,"This paper introduces the new concept of DC Independent System Operator, DC-ISO. The DC-ISO will be responsible for ensuring the reliability and security of the MTDC system in real-time and co-ord...",IEEE Xplore,11th IET International Conference on AC and DC Power Transmission
777,778,BC Hydro approach to integration of phasor measurements in EMS state estimator,D. Atanackovic; J. Clapauch; G. Dwernychuk,10.1109/PESGM.2012.6345249,https://ieeexplore.ieee.org/stamp/stamp.jsp?arnumber=6345249,2012.0,IEEE Conferences,The application of synchronized phasor measurements for system monitoring and control is receiving unparalleled attention in the power industry. The availability of synchronized phasor measurement...,IEEE Xplore,2012 IEEE Power and Energy Society General Meeting
812,813,Dynamic adaptive learning mobile agents for multi-modal input collaboration in home environment,D. -H. Kim; V. C. Joseph; J. -Y. Kwak; L. E. Ryung,10.1109/ICCS.2004.1359396,https://ieeexplore.ieee.org/stamp/stamp.jsp?arnumber=1359396,2004.0,IEEE Conferences,Home server is developed to play the pivotal role of managing all home devices and multimedia content services through home networks. The possibility of a single user input device and single secur...,IEEE Xplore,"The Ninth International Conference onCommunications Systems, 2004. ICCS 2004."
838,839,Optimal Scheduling for Photovoltaic-Storage-Charging Smart Distribution Substation under Real-time Electricity Price,T. Mao; Y. Sun; C. Liu; Z. Pei; G. Yu; D. Liu; Z. Zhao,10.1109/PEAC56338.2022.9959236,https://ieeexplore.ieee.org/stamp/stamp.jsp?arnumber=9959236,2022.0,IEEE Conferences,"Aiming at the problem that the AC / DC hybrid distribution area has a single operation mode and can not give full play to the role of energy storage under the existing configuration, this paper pr...",IEEE Xplore,2022 IEEE International Power Electronics and Application Conference and Exposition (PEAC)
868,869,"Multi-Robot System for Autonomous Cooperative Counter-UAS Missions: Design, Integration, and Field Testing",A. Barisic; M. Ball; N. Jackson; R. McCarthy; N. Naimi; L. Strässle; J. Becker; M. Brunner; J. Fricke; L. Markovic; I. Seslar; D. Novick; J. Salton; R. Siegwart; S. Bogdan; R. Fierro,10.1109/SSRR56537.2022.10018733,https://ieeexplore.ieee.org/stamp/stamp.jsp?arnumber=10018733,2022.0,IEEE Conferences,"With the rapid development of technology and the proliferation of uncrewed aerial systems (UAS), there is an immediate need for security solutions. Toward this end, we propose the use of a multi-r...",IEEE Xplore,"2022 IEEE International Symposium on Safety, Security, and Rescue Robotics (SSRR)"
936,937,A secure RBAC mobile agent access control model for healthcare institutions,C. Santos-Pereira; A. B. Augusto; R. Cruz-Correia; M. E. Correia,10.1109/CBMS.2013.6627814,https://ieeexplore.ieee.org/stamp/stamp.jsp?arnumber=6627814,2013.0,IEEE Conferences,"In medical organizations, healthcare providers need to have fast access to patients' medical information in order to make accurate diagnoses as well as to provide appropriate treatments. Efficient...",IEEE Xplore,Proceedings of the 26th IEEE International Symposium on Computer-Based Medical Systems
950,951,The importance of trust in a Layered Sensing construct,M. Nowak,10.1109/CTS.2010.5478463,https://ieeexplore.ieee.org/stamp/stamp.jsp?arnumber=5478463,2010.0,IEEE Conferences,"The technological advances of the information age have created both an opportunity and a challenge for military decision makers. At first glance, the variety of data gathered by a multitude of tra...",IEEE Xplore,2010 International Symposium on Collaborative Technologies and Systems
969,970,Socio-Technical Trust For Multi-Modal Hearing Assistive Technology,J. Williams; T. Azim; A. -M. Piskopani; A. Chamberlain; S. Zhang,10.1109/ICASSPW59220.2023.10193586,https://ieeexplore.ieee.org/stamp/stamp.jsp?arnumber=10193586,2023.0,IEEE Conferences,"The landscape of opportunity is rapidly changing for audio-visual (AV) hearing assistive technology. While hearing assistive devices, such as hearing aids, have traditionally been developed for po...",IEEE Xplore,"2023 IEEE International Conference on Acoustics, Speech, and Signal Processing Workshops (ICASSPW)"
978,979,Data-Driven Short-Term Voltage Security Constrained Reactive Power Optimization Method,L. Yang; Y. Lin; Y. Wang; B. Ma; L. Yuan; Y. Jia; Z. Zhang,10.1109/EI256261.2022.10116452,https://ieeexplore.ieee.org/stamp/stamp.jsp?arnumber=10116452,2022.0,IEEE Conferences,The goal of short-term voltage security (STVS) constrained reactive power optimization is to improve the STVS of the power grid by regulating the operating state of reactive power resources. Howev...,IEEE Xplore,2022 IEEE 6th Conference on Energy Internet and Energy System Integration (EI2)
1032,1033,Verification Templates for the Analysis of User Interface Software Design,M. D. Harrison; P. Masci; J. C. Campos,10.1109/TSE.2018.2804939,https://ieeexplore.ieee.org/stamp/stamp.jsp?arnumber=8289349,2019.0,IEEE Journals,The paper describes templates for model-based analysis of usability and safety aspects of user interface software design. The templates crystallize general usability principles commonly addressed ...,IEEE Xplore,IEEE Transactions on Software Engineering
1033,1034,Combining Multimodal DNN and SigPid technique for detecting Malicious Android Apps,B. Vasu; N. Pari,10.1109/ICoAC48765.2019.247134,https://ieeexplore.ieee.org/stamp/stamp.jsp?arnumber=9087308,2019.0,IEEE Conferences,"Google announced that they are 2.7 billion active Android users in the world. There are different categories of mobile apps available, based on development nature and different categories, for exa...",IEEE Xplore,2019 11th International Conference on Advanced Computing (ICoAC)
1084,1085,Efficient Implementation of AES and CTR_DRBG on 8-Bit AVR-Based Sensor Nodes,Y. Kim; S. C. Seo,10.1109/ACCESS.2021.3059623,https://ieeexplore.ieee.org/stamp/stamp.jsp?arnumber=9354801,2021.0,IEEE Journals,"Since Rijndael algorithm was selected as the Advanced Encryption Standard (AES) by NIST, optimization research for the AES has been actively conducted on various IoT-based processors. In an 8-bit ...",IEEE Xplore,IEEE Access
1146,1147,A Novel Data Acquisition Algorithm for the Reverse Analysis of Encrypted Synchronous PLDs,Q. -b. Li; P. Zhang; R. -c. Zhao,10.1109/CISW.2007.4425641,https://ieeexplore.ieee.org/stamp/stamp.jsp?arnumber=4425641,2007.0,IEEE Conferences,"The key problem in the reverse analysis of encrypted programmable logic devices (PLDs) using logic analysis techniques is how to acquire effective and self-contained data set, especially for seque...",IEEE Xplore,2007 International Conference on Computational Intelligence and Security Workshops (CISW 2007)
1215,1216,Resilient Wide-Area Damping Control to Mitigate Strong Cyber Attack: A Multiple-Controller Switching Approach,Y. Zhao; W. Yao; C. -K. Zhang; X. Ai; J. Wen,10.1109/TSG.2022.3215785,https://ieeexplore.ieee.org/stamp/stamp.jsp?arnumber=9925069,2023.0,IEEE Journals,"The growing risk of cyber attacks targeting wide-area damping control (WADC) has spawned much research on designing attack-resilient controllers recently. However, the issue of attack strength did...",IEEE Xplore,IEEE Transactions on Smart Grid
1240,1241,Research on Reactive Voltage Optimization of Multi-DC Sending Power Grid Based on Reinforcement Learning,H. Zhou; S. Cai; S. Yu; J. Gao; L. Jiang; L. Lu,10.1109/AEEES51875.2021.9403010,https://ieeexplore.ieee.org/stamp/stamp.jsp?arnumber=9403010,2021.0,IEEE Conferences,"The traditional DC reactive voltage regulation is mainly based on the single DC reactive voltage control, and it lacks the consideration of the interaction effect on the multi-DC reactive voltage....",IEEE Xplore,2021 3rd Asia Energy and Electrical Engineering Symposium (AEEES)
1287,1288,Pushing the Boundary of Multimedia Big Data: An Overview of IEEE MIPR,G. -M. Su; C. Zhang; H. Wang; M. Chen; M. Kankanhalli; R. Lienhart,10.1109/MMUL.2019.2916957,https://ieeexplore.ieee.org/stamp/stamp.jsp?arnumber=8735985,2019.0,IEEE Magazines,"New forms of multimedia data (such as text, numbers, tags, networking, signals, geo-tagged information, graphs/relationships, three-dimensional/VR/AR and sensor data, etc.) have emerged in many ap...",IEEE Xplore,IEEE MultiMedia
1390,1391,Reachability Analysis for Role-Based Administration of Attributes,"Jin X,Krishnan R,Sandhu R",10.1145/2517881.2517891,https://doi.org/10.1145/2517881.2517891;http://dx.doi.org/10.1145/2517881.2517891,2013,Conference Paper,"Attribute-based access control (ABAC) is well-known and increasingly prevalent. Nonetheless, administration of attributes is not well-studied so far. Recently, the Generalized User-Role Assignment...",ACM Digital Library,Proceedings of the 2013 ACM Workshop on Digital Identity Management
1393,1394,LaFA: Lookahead Finite Automata for Scalable Regular Expression Detection,"Bando M,Artan NS,Chao HJ",10.1145/1882486.1882496,https://doi.org/10.1145/1882486.1882496;http://dx.doi.org/10.1145/1882486.1882496,2009,Conference Paper,"Although Regular Expressions (RegExes) have been widely used in network security applications, their inherent complexity often limits the total number of RegExes that can be detected using a singl...",ACM Digital Library,Proceedings of the 5th ACM/IEEE Symposium on Architectures for Networking and Communications Systems
1473,1474,Blockchain-based Secure Storage Model for Multimodal Biometrics Using 3D Face and Ear,"Kaur, Veerpal (57521435300); Bhatt, Devershi Pallavi (57200533126); Tharewal, Sumegh (56943472800); Tiwari, Pradeep Kumar (58486820700)",10.1109/InCACCT57535.2023.10141695,https://www.scopus.com/inward/record.uri?eid=2-s2.0-85163383477&doi=10.1109%2fInCACCT57535.2023.10141695&partnerID=40&md5=3d8086b2f0624056662f4b2e54350242,2023,Conference paper,"Biometric related to the recognition of any person depends on their behavioral, physical or Psychobiological traits like fingerprints, face, iris, ear, signature, gait, ECG, EEG etc. So now a day'...",Scopus,"2023 International Conference on Advancement in Computation and Computer Technologies, InCACCT 2023"
1478,1479,Optimization and Minimum-Energy Approaches for Private Message Security in the Wavelet Domain of Audio Signals,"Chen, Shuo-Tsung (37020148100); Lu, Hao-Chun (30467793700)",10.1007/s00034-023-02419-x,https://www.scopus.com/inward/record.uri?eid=2-s2.0-85164475821&doi=10.1007%2fs00034-023-02419-x&partnerID=40&md5=c8bd3f70b63b7dda75abad984a42a050,2023,Article,"In the field of embedding digital information or private message into an audio signal, signal-to-noise ratio (SNR) and bit error rate (BER) are commonly performance indexes in measuring the distor...",Scopus,"Circuits, Systems, and Signal Processing"
1603,1604,Low latency cyberattack detection in smart grids with deep reinforcement learning,"Li, Yaze (57872481900); Wu, Jingxian (7409254389)",10.1016/j.ijepes.2022.108265,https://www.scopus.com/inward/record.uri?eid=2-s2.0-85129706837&doi=10.1016%2fj.ijepes.2022.108265&partnerID=40&md5=e433194fc9df139952dfb43ed87f7df4,2022,Article,This paper focuses on low latency detection of cyberattacks in smart grids with deep reinforcement learning (DRL). The objective of low latency detection is to minimize detection delay while ensur...,Scopus,International Journal of Electrical Power and Energy Systems
1767,1768,STUDY ON THE REALIZATION OF AN UNDETECTABLE MARINE DRONE AND ITS COMMAND-AND-CONTROL METHODS,"Ionut, Gheorghe Silviu (57424554700); Stefan, Negrea Catalin (57423664800); Dorin, Angelescu (57194276791); Mangher, Robert (57423810200); Mangher, Vlad (57424107600)",10.17683/ijomam/issue11.9,https://www.scopus.com/inward/record.uri?eid=2-s2.0-85134411753&doi=10.17683%2fijomam%2fissue11.9&partnerID=40&md5=3511deb5ca7297de7ef662c762ba7145,2022,Article,"INCDMTM Bucharest has a strong experience for more than 20 years in producing industrial manipulator arms, industrial robots, utilitarian robots, security robots and drones. Part of INCDMTM The CE...",Scopus,International Journal of Mechatronics and Applied Mechanics
1769,1770,Packet-level prediction of mobile-app traffic using multitask Deep Learning,"Montieri, Antonio (57191033004); Bovenzi, Giampaolo (57205422691); Aceto, Giuseppe (36138805400); Ciuonzo, Domenico (24314897800); Persico, Valerio (56019815600); Pescapè, Antonio (6602246931)",10.1016/j.comnet.2021.108529,https://www.scopus.com/inward/record.uri?eid=2-s2.0-85118172944&doi=10.1016%2fj.comnet.2021.108529&partnerID=40&md5=fa181c63d1121a3613b5f3d60c49a9bd,2021,Article,"The prediction of network traffic characteristics helps in understanding this complex phenomenon and enables a number of practical applications, ranging from network planning and provisioning to m...",Scopus,Computer Networks
1827,1828,Securing recognized multimodal biometric images using cryptographic model,"Evangelin, L. Nisha (57198819013); Fred, A. Lenin (56565038400)",10.1007/s11042-021-10541-8,https://www.scopus.com/inward/record.uri?eid=2-s2.0-85101229393&doi=10.1007%2fs11042-021-10541-8&partnerID=40&md5=086fbf384b384a911289b97469895699,2021,Article,The security of recognized biometric images keeps sensitive data from the vindictive behavior in transmission. An optional technique to guarantee the secrecy and abnormal state of security is cryp...,Scopus,Multimedia Tools and Applications
1901,1902,A switched chaotic encryption scheme using multi-mode generalized modified transition map,"Sayed, Wafaa S. (56902453700); Tolba, Mohammed F. (56912006300); Radwan, Ahmed G. (7103379659); Abd-El-Hafiz, Salwa K. (6603636787); Soliman, Ahmed M. (7201839953)",10.1007/s11042-020-09756-y,https://www.scopus.com/inward/record.uri?eid=2-s2.0-85092125463&doi=10.1007%2fs11042-020-09756-y&partnerID=40&md5=3c9d19c912db975b1dc8ac8ac8dcb0a8,2021,Article,This paper presents a multi-mode generalized modified transition chaotic map and a switched chaotic encryption scheme based on it. Eight different modes of operation can be selected based on the m...,Scopus,Multimedia Tools and Applications
1922,1923,"Robust multimodal biometric authentication algorithms using fingerprint, iris and voice features fusion","El Tokhy, Mohamed S. (26664581800)",10.3233/JIFS-200425,https://www.scopus.com/inward/record.uri?eid=2-s2.0-85099021998&doi=10.3233%2fJIFS-200425&partnerID=40&md5=5fff294aae08dd39ecd6be3620cb8110,2021,Article,"Development of a robust triple multimodal biometric approach for human authentication using fingerprint, iris and voice biometric is the main objective of this manuscript. Accordingly, three essen...",Scopus,Journal of Intelligent and Fuzzy Systems
1933,1934,Multi-mode Systems for Resilient Security in Industry 4.0,"Riegler, Michael (57213961752); Sametinger, Johannes (6507922168)",10.1016/j.procs.2021.01.167,https://www.scopus.com/inward/record.uri?eid=2-s2.0-85101737699&doi=10.1016%2fj.procs.2021.01.167&partnerID=40&md5=682b78ceca99dee22e4c37aaa5bd98b5,2021,Conference paper,"In the era of the Internet of Things and Industry 4.0, machines and devices are increasingly getting connected. These connections go hand in hand with security vulnerabilities and potential threat...",Scopus,Procedia Computer Science
2060,2061,Score Level based Fusion Method for Multimodal Biometric Recognition using Palmprint and Iris,"Ramachandran, Chandny (57219651435); Sankar, Deepa (56405299400)",10.1109/ACCTHPA49271.2020.9213216,https://www.scopus.com/inward/record.uri?eid=2-s2.0-85094596289&doi=10.1109%2fACCTHPA49271.2020.9213216&partnerID=40&md5=46e4cba20650278c149bc591e4c02889,2020,Conference paper,"Digital technology is always in our lives and hence security using biometrics has become inevitable in areas like banking, logical access control, law and enforcement etc. Person recognition using...",Scopus,"Proceedings - 2020 Advanced Computing and Communication Technologies for High Performance Applications, ACCTHPA 2020"
2083,2084,Quality based adaptive score fusion approach for multimodal biometric system,"Gupta, Keshav (56785003700); Walia, Gurjit Singh (57211524260); Sharma, Kapil (7402096819)",10.1007/s10489-019-01579-1,https://www.scopus.com/inward/record.uri?eid=2-s2.0-85076906900&doi=10.1007%2fs10489-019-01579-1&partnerID=40&md5=7eb676a7bd76d269ec35a06b21a3f64d,2020,Article,"Multimodal Biometric Systems are extensively employed over unimodal counterparts for user authentication in the digital world. However, the application of multimodal systems to security-critical a...",Scopus,Applied Intelligence
2091,2092,Modern trends in gamma detection systems for emergency response,"Mukhopadhyay, Sanjoy (7401807657); Maurer, Richard (56720125100); Guss, Paul (16227315000)",10.1117/12.2560115,https://www.scopus.com/inward/record.uri?eid=2-s2.0-85093699397&doi=10.1117%2f12.2560115&partnerID=40&md5=b2a8d71b885b14053f4b4c446e2a46ea,2020,Conference paper,The scope and applicability of detecting gamma-emitting materials by first responders and advanced searchers have changed considerably over the last 15 years. More often than not the searchers are...,Scopus,Proceedings of SPIE - The International Society for Optical Engineering
2119,2120,Continuous user authentication using multimodal biometric traits with optimal feature level fusion,"Prakash, Annamalai (56727510200); Krishnaveni, R. (57221256802); Dhanalakshmi, Ranganayakulu (35753163100)",10.1504/IJBET.2020.110334,https://www.scopus.com/inward/record.uri?eid=2-s2.0-85095574183&doi=10.1504%2fIJBET.2020.110334&partnerID=40&md5=36afa9bfb108b35dd5fd6001cc7b73b4,2020,Article,"The biometric process demonstrates the authenticity or approval of an individual in view of his/her physiological or behavioural characteristics. Subsequently, for higher security feature, the ble...",Scopus,International Journal of Biomedical Engineering and Technology
2158,2159,Projecting Pathways to Food-Energy-Water Systems Sustainability Through Ontology,"Babaie, Hassan (6602433445); Davarpanah, Armita (55848983800); Dhakal, Nirajan (58513739700)",10.1089/ees.2018.0551,https://www.scopus.com/inward/record.uri?eid=2-s2.0-85068924215&doi=10.1089%2fees.2018.0551&partnerID=40&md5=4f26388f8cdec50ff3f257d6e10e5dda,2019,Article,"The FEWsOnt ontology models major structural and dynamic concepts of the food-energy-water (FEW) systems from the complex system perspective by defining the emergent, nonlinear, and scale-invarian...",Scopus,Environmental Engineering Science
2188,2189,Toward adaptive decision support for assessing infrastructure system resilience using hidden performance measures,"Thekdi, Shital A. (43761602600); Chatterjee, Samrat (23395668500)",10.1080/13669877.2018.1440412,https://www.scopus.com/inward/record.uri?eid=2-s2.0-85043700039&doi=10.1080%2f13669877.2018.1440412&partnerID=40&md5=3aa6fd3d150b3ccf20032fb92e5138e1,2019,Article,The understanding of resilience is an emerging topic within the study of risks affecting distributed infrastructure systems. Although recent studies have explored the quantification of system resi...,Scopus,Journal of Risk Research
2263,2264,Multimodal biometrics authentication using multiple matching algorithm,"Karthi, Govindharaju (35737439600); Ezhilarasan, M. (9636799700)",10.1007/978-981-13-0617-4_36,https://www.scopus.com/inward/record.uri?eid=2-s2.0-85052207258&doi=10.1007%2f978-981-13-0617-4_36&partnerID=40&md5=17f66091bc104d6909b00cd75a40a055,2019,Conference paper,Biometric recognition system is the popular technique used for authentication applications. Multimodal biometrics are more likely used for biometric recognition system since it has more advantages...,Scopus,Advances in Intelligent Systems and Computing
2276,2277,Effects of different queueing models on migration of virtual machines,"Sachdeva, Surabhi (57205197591); Gupta, Neeraj (57209931404)",10.1007/978-981-13-3393-4_24,https://www.scopus.com/inward/record.uri?eid=2-s2.0-85062267896&doi=10.1007%2f978-981-13-3393-4_24&partnerID=40&md5=8bff7c39b508dc6ffa3585d49e2a9b8f,2019,Conference paper,"Virtualization is an act of creating virtual resources that are made accessible by the application of cloud computing. In case of failure of a virtual machine, it is imperative to shift the proces...",Scopus,Advances in Intelligent Systems and Computing
2288,2289,"Secure electronic voting machine using multi-modal biometric authentication system, data encryption, and firewall","Bhatti, Jasdev (56717397200); Chachra, Satvik (57211853359); Walia, Ansh (57211859510); Vishal, Abhishek (57211849769)",10.23940/ijpe.19.10.p2.25702577,https://www.scopus.com/inward/record.uri?eid=2-s2.0-85075154418&doi=10.23940%2fijpe.19.10.p2.25702577&partnerID=40&md5=8fa57f53f82a621be5c70da62b4f7ff5,2019,Article,"Electronic voting machines have replaced paper ballot systems, which were being used in early Indian elections. But, with the advancement of technology, a series of security issues have been raise...",Scopus,International Journal of Performability Engineering
2333,2334,Mobi-SAGE-RS: A sparse additive generative model-based mobile application recommender system,"Yin, Hongzhi (55007318200); Wang, Weiqing (56336058500); Chen, Liang (57188872930); Du, Xingzhong (56482580500); Hung Nguyen, Quoc Viet (57190497691); Huang, Zi (7406220728)",10.1016/j.knosys.2018.05.028,https://www.scopus.com/inward/record.uri?eid=2-s2.0-85047925681&doi=10.1016%2fj.knosys.2018.05.028&partnerID=40&md5=d4c0aed763c37c0438c46e29c8c36b46,2018,Article,"With the rapid prevalence of smart mobile devices and the dramatic proliferation of mobile applications (Apps), App recommendation becomes an emergent task that will benefit different stockholders...",Scopus,Knowledge-Based Systems
2388,2389,Cryptographic key generation from multimodal template using fuzzy extractor,"Kaur, Taranpreet (57213122556); Kaur, Manvjeet (56045999600)",10.1109/IC3.2017.8284321,https://www.scopus.com/inward/record.uri?eid=2-s2.0-85046346676&doi=10.1109%2fIC3.2017.8284321&partnerID=40&md5=c35917f696cf162feee3b927e99c9271,2018,Conference paper,"The encryption techniques, biometrics and cryptography integrate to form biometric cryptosystems. These are designed either to bind a cryptographic key or to generate cryptographic key using biome...",Scopus,"2017 10th International Conference on Contemporary Computing, IC3 2017"
2443,2444,A multi-modal neuro-physiological study of malicious insider threats,"Hashem, Yessir (57090566300); Takabi, Hassan (23006829300); Dantu, Ram (6602410612); Nielsen, Rodney (23095747900)",10.1145/3139923.3139930,https://www.scopus.com/inward/record.uri?eid=2-s2.0-85043365181&doi=10.1145%2f3139923.3139930&partnerID=40&md5=819e4970a0e5849c38c68b7b6dfef21f,2017,Conference paper,"It has long been recognized that solutions to insider threat are mainly user-centric and several psychological and psychosocial models have been proposed. However, user behavior underlying these m...",Scopus,"MIST 2017 - Proceedings of the 2017 International Workshop on Managing Insider Security Threats, co-located with CCS 2017"
2473,2474,STARS: Soft multi-task learning for activity recognition from multi-modal sensor data,"Liu, Xi (56814273200); Tan, Pang-Ning (7201942118); Liu, Lei (56562019500)",10.1007/978-3-319-93037-4_45,https://www.scopus.com/inward/record.uri?eid=2-s2.0-85049379385&doi=10.1007%2f978-3-319-93037-4_45&partnerID=40&md5=3ceaf778d0b6a832abaebcba394d2ee7,2018,Conference paper,"Human activity recognition from ubiquitous sensor data is an important but challenging classification problem for applications such as assisted living, energy management, and security monitoring o...",Scopus,Lecture Notes in Computer Science (including subseries Lecture Notes in Artificial Intelligence and Lecture Notes in Bioinformatics)
2474,2475,Cache Automaton: Repurposing Caches for Automata Processing,"Subramaniyan, Arun (56690072600); Wang, Jingcheng (56412076200); Balasubramanian, Ezhil R. M. (57197723275); Blaauw, David (7006597968); Sylvester, Dennis (7005550123); Das, Reetuparna (22833936700)",10.1109/PACT.2017.51,https://www.scopus.com/inward/record.uri?eid=2-s2.0-85043590109&doi=10.1109%2fPACT.2017.51&partnerID=40&md5=5824afa53f4839ad98f74b187c6a9b8a,2017,Conference paper,"Finite State Automata (FSA) are powerful computational models for extracting patterns from large streams (TBs/PBs) of unstructured data such as system logs, social media posts, emails, and news ar...",Scopus,"Parallel Architectures and Compilation Techniques - Conference Proceedings, PACT"
2640,2641,A Quantitative Approach for Vulnerability Analysis of Urban Metro Network System,"Wang, Zhiru (55783065700); Su, Guofeng (8393046000); Chen, Jianguo (55635123600)",10.1109/CCITSA.2015.53,https://www.scopus.com/inward/record.uri?eid=2-s2.0-84977604852&doi=10.1109%2fCCITSA.2015.53&partnerID=40&md5=ab70a7cd8fed0cde650aff8e3f4b7a03,2016,Conference paper,"It is a transition period for Urban Metro Network System (UMNS) in China, as operation mode changes from single line operation to network operation. UMNS is a complex system of system which integr...",Scopus,"Proceedings - 2015 1st International Conference on Computational Intelligence Theory, Systems and Applications, CCITSA 2015"
2664,2665,Advances in biometrics for secure human authentication system: Biometric authentication system,"Mohan, Jagannath (54393336200); Kanagasabai, Adalarasu (55799536200); Pandu, Vetrivelan (57193702399)",10.4018/978-1-5225-0983-7.ch077,https://www.scopus.com/inward/record.uri?eid=2-s2.0-85015915379&doi=10.4018%2f978-1-5225-0983-7.ch077&partnerID=40&md5=7857a26aae502f2f21103c7a103f77fd,2016,Book chapter,"In the recent decade, one of our major concerns in the global technological society of information security is confirmation that a person accessing confidential information is authorized to perfor...",Scopus,"Biometrics: Concepts, Methodologies, Tools, and Applications"
2673,2674,Desisting the Fraud in India's Voting Process through Multi Modalbiometrics,"Vidyasree, P. (57191168355); Raju, S. Viswanadha (36870322800); Madhavi, G. (57191173468)",10.1109/IACC.2016.97,https://www.scopus.com/inward/record.uri?eid=2-s2.0-84987741139&doi=10.1109%2fIACC.2016.97&partnerID=40&md5=63dd7cb9b08690d82eb2b6612333a063,2016,Conference paper,"In India, voting procedure strictly adheres to the principle of Electronic Voting Machines (EVM'S) known as offline E-Voting. EVM'S have the flexible characteristics like simple design, ease of us...",Scopus,"Proceedings - 6th International Advanced Computing Conference, IACC 2016"
2736,2737,A comparative study of multi-focus image fusion validation metrics,"Giansiracusa, Michael (57191409539); Lutz, Adam (57189244424); Messer, Neal (57189241826); Ezekiel, Soundararajan (7003884603); Alford, Mark (7005744958); Blasch, Erik (7003503895); Bubalo, Adnan ...",10.1117/12.2224349,https://www.scopus.com/inward/record.uri?eid=2-s2.0-84989871981&doi=10.1117%2f12.2224349&partnerID=40&md5=df1b7c1eac89a18fef34f67ca602d195,2016,Conference paper,"Fusion of visual information from multiple sources is relevant for applications security, transportation, and safety applications. One way that image fusion can be particularly useful is when fusi...",Scopus,Proceedings of SPIE - The International Society for Optical Engineering
2751,2752,Multimodal cryptosystem based on fuzzy commitment,"Yuan, Li (8452570000)",10.1109/CSE.2014.286,https://www.scopus.com/inward/record.uri?eid=2-s2.0-84925237448&doi=10.1109%2fCSE.2014.286&partnerID=40&md5=cae68e925e575a84b41bfa867df824dd,2015,Conference paper,Biometric information security is a relatively new research interest in the field of biometric authentication. In view of the special relationship of human face and human ear in physiological posi...,Scopus,"Proceedings - 17th IEEE International Conference on Computational Science and Engineering, CSE 2014, Jointly with 13th IEEE International Conference on Ubiquitous Computing and Communications, IUC..."
2797,2798,Nonparametric state machine with multiple features for abnormal object classification,"Kim, Jiman (55720195000); Kang, Bongnam (56925942900)",10.1109/AVSS.2014.6918668,https://www.scopus.com/inward/record.uri?eid=2-s2.0-84909965428&doi=10.1109%2fAVSS.2014.6918668&partnerID=40&md5=56d65a26f36dd757750964cf35873c10,2014,Conference paper,"Abandoned object and removed object are important abnormal objects in visual surveillance area to predict the crimes such as explosion or theft event. In real situations, most of existing methods ...",Scopus,"11th IEEE International Conference on Advanced Video and Signal-Based Surveillance, AVSS 2014"
2816,2817,Robust online multi-object identifying and tracking,"Su, J. (35339989600); Yin, G.S. (55817240200); Luo, Z.Y. (57004119900)",10.1201/b18471-140,https://www.scopus.com/inward/record.uri?eid=2-s2.0-84949940126&doi=10.1201%2fb18471-140&partnerID=40&md5=5a85bc0cc4a901239449802e79133471,2015,Conference paper,"In order to realize multiple target identifying and tracking in complex scenes, a robust online identifying and tracking method is proposed, which is implemented on a novel Bayesian tracking model...",Scopus,"Electronic Engineering and Information Science - Proceedings of the 2015 International Conference on Electronic Engineering and Information Science, ICEEIS 2015"
2876,2877,Position tracking control of permanent magnet synchronous motor based on fuzzy sliding mode principle,"Wen, Ru Han (56489975700); Lu, Tao (56489250200); Liu, Fei (57199431410); Gao, Xiang (57200220350)",10.4028/www.scientific.net/AMR.1055.328,https://www.scopus.com/inward/record.uri?eid=2-s2.0-84921467454&doi=10.4028%2fwww.scientific.net%2fAMR.1055.328&partnerID=40&md5=3621eb9a98481f2c231f8e20706e2b52,2014,Conference paper,"Aiming at the anti-jamming capability problem of permanent magnet synchronous motor servo system, a fuzzy sliding mode controller is designed. The sliding mode control enhances the anti-jamming ca...",Scopus,Advanced Materials Research
2956,2957,A survivable critical infrastructure control application,"Serageldin, A. (55531777700); Krings, A. (7003345545); Abdel-Rahim, A. (6603798348)",10.1145/2459976.2460015,https://www.scopus.com/inward/record.uri?eid=2-s2.0-84875990539&doi=10.1145%2f2459976.2460015&partnerID=40&md5=376135638ede0b8157e038b78a864458,2013,Conference paper,A microcontroller-based system is described that utilizes real-time distributed sensor data to adapt a critical infrastructure control application to reflect current environment conditions. The sy...,Scopus,ACM International Conference Proceeding Series
2984,2985,Modeling and checking the security of DIFC system configurations,"Zhao, Mingyi (55569944600); Liu, Peng (36727836300)",10.1007/978-3-319-01433-3_2,https://www.scopus.com/inward/record.uri?eid=2-s2.0-84948103019&doi=10.1007%2f978-3-319-01433-3_2&partnerID=40&md5=d9f78c9f0464e7c49444e1c48c2cfa86,2013,Book chapter,"Decentralized information flow control (DIFC) systems provide strong protection for data secrecy and integrity. However, the complicated configuration of information flow between system objects in...",Scopus,Automated Security Management
3001,3002,A similarity metric for multimodal images based on modified Hausdorff distance,"Li, Yong (36686087900); Stevenson, Robert L. (7402603265)",10.1109/AVSS.2012.3,https://www.scopus.com/inward/record.uri?eid=2-s2.0-84868248219&doi=10.1109%2fAVSS.2012.3&partnerID=40&md5=c1902e19cd0fc3569666998779f53019,2012,Conference paper,"This paper presents a similarity metric on multimodal images utilizing curves as comparing primitives. Curves are detected from images, and then junctions are detected along curves and used to par...",Scopus,"Proceedings - 2012 IEEE 9th International Conference on Advanced Video and Signal-Based Surveillance, AVSS 2012"
3004,3005,Stereo-based framework for pedestrian detection with partial occlusion handling,"Martelli, Samuele (36470627600); Cristani, Marco (8244336900); Murino, Vittorio (7006595496)",10.1109/AVSS.2012.71,https://www.scopus.com/inward/record.uri?eid=2-s2.0-84868242598&doi=10.1109%2fAVSS.2012.71&partnerID=40&md5=3cf8e58a726642923ed0d8162748ec3d,2012,Conference paper,"The pedestrian detection literature has been recently extended by the availability of large-scale multisensory datasets, able to capture complementary aspects of the objects of interest, namely, a...",Scopus,"Proceedings - 2012 IEEE 9th International Conference on Advanced Video and Signal-Based Surveillance, AVSS 2012"
3123,3124,Security assessment for intentional island operation in modern power system,"Chen, Yu (57843021200); Xu, Zhao (55764069000); Østergaard, Jacob (7004506852)",10.1016/j.epsr.2011.05.010,https://www.scopus.com/inward/record.uri?eid=2-s2.0-79959814427&doi=10.1016%2fj.epsr.2011.05.010&partnerID=40&md5=dc65b387d7c1cd7efbb61ab04f22e52b,2011,Article,"There has been a high penetration level of Distributed Generations (DGs) in distribution systems in Denmark. Even more DGs are expected to be installed in the coming years. With that, to utilize t...",Scopus,Electric Power Systems Research
3130,3131,Sparse reconstruction based watermarking for secure biometric authentication,"Ma, Bin (56596015000); Li, Chunlei (57209178184); Zhang, Zhaoxiang (8066042700); Wang, Yunhong (34870959400)",10.1007/978-3-642-25449-9_31,https://www.scopus.com/inward/record.uri?eid=2-s2.0-81155123200&doi=10.1007%2f978-3-642-25449-9_31&partnerID=40&md5=09c9f4efe8435d8618fef49bd55729dc,2011,Conference paper,This paper presents a robust watermarking method to enhance the security of multimodal biometric authentication system. A compact representation of face is first generated by downsampling the raw ...,Scopus,Lecture Notes in Computer Science (including subseries Lecture Notes in Artificial Intelligence and Lecture Notes in Bioinformatics)
3157,3158,ANDERS: Future of concrete bridge deck evaluation and rehabilitation,"Gucunski, Nenad (7003933207); Moon, Franklin (8625690400)",10.1117/12.881142,https://www.scopus.com/inward/record.uri?eid=2-s2.0-79956207967&doi=10.1117%2f12.881142&partnerID=40&md5=6f778ff9bc1559496fd60e3599447882,2011,Conference paper,The Automated Nondestructive Evaluation and Rehabilitation System (ANDERS) aims to provide a uniquely comprehensive tool that will transform the manner in which bridge decks are assessed and rehab...,Scopus,Proceedings of SPIE - The International Society for Optical Engineering
3194,3195,Break for the border,"Gold, Steve (55489813400)",10.1016/S0969-4765(11)70036-4,https://www.scopus.com/inward/record.uri?eid=2-s2.0-79952062282&doi=10.1016%2fS0969-4765%2811%2970036-4&partnerID=40&md5=3d769b94d2e569621beb3240d03a5619,2011,Article,The usage of biometrics at border crossing points is increasing significantly. The cluster of 15 countries has been working towards developing its own CARIPASS multi-state identity card to include...,Scopus,Biometric Technology Today
3304,3305,High-level hierarchical semantic processing framework for smart sensor networks,"Bruckner, D. (23488146600); Picus, C. (26031658900); Velik, R. (23669569200); Herzner, W. (15062581200); Zucker, G. (24403198800)",10.1007/978-3-642-03202-8_27,https://www.scopus.com/inward/record.uri?eid=2-s2.0-84994796665&doi=10.1007%2f978-3-642-03202-8_27&partnerID=40&md5=3f207a1640196a8f443d0526d2cba5bd,2009,Conference paper,Sensor networks play an increasing role in domains like security surveillance or environmental monitoring. One challenge in such systems is proper adaptation to and interpretation of events in the...,Scopus,Advances in Intelligent and Soft Computing
3337,3338,Predicting intrusion goal using dynamic Bayesian network with transfer probability estimation,"Feng, Li (57199898310); Wang, Wei (56948560600); Zhu, Lina (55488404100); Zhang, Yi (55739861200)",10.1016/j.jnca.2008.06.002,https://www.scopus.com/inward/record.uri?eid=2-s2.0-59549096053&doi=10.1016%2fj.jnca.2008.06.002&partnerID=40&md5=b43633572ddca5cf0e901730d4e50c56,2009,Article,Predicting the intentions of an observed agent and taking corresponding countermeasures is the essential part for the future proactive intrusion detection systems (IDS) as well as intrusion preven...,Scopus,Journal of Network and Computer Applications
3351,3352,Transient stability analysis of power system based on Bayesian networks and main electrical wiring,"Fan, Youping (7403492211); Zai, Xiwei (34868757500); Qian, Hai (57207182358); Yang, Xiaoguang (57191642164); Liu, Lu (58371083000); Zhu, Yingchen (56172456100)",10.1109/APPEEC.2009.4918944,https://www.scopus.com/inward/record.uri?eid=2-s2.0-84869984333&doi=10.1109%2fAPPEEC.2009.4918944&partnerID=40&md5=d619441fdbb696c51d3e2325334497a6,2009,Conference paper,"In order to deal with the uncertainties of power system better and overcome the shortcomings of other artificial intelligence methods, a new method based on Bayesian networks and main electrical w...",Scopus,"Asia-Pacific Power and Energy Engineering Conference, APPEEC"
3393,3394,Transportation Infrastructure Security Utilizing Intelligent Transportation Systems,"Fries, Ryan (22950362000); Chowdhury, Mashrur (22949941100); Brummond, Jeffrey (6504679726)",10.1002/9780470432853,https://www.scopus.com/inward/record.uri?eid=2-s2.0-77951942481&doi=10.1002%2f9780470432853&partnerID=40&md5=7a0c541cf70d7f3faaf4ba6ebbc407da,2008,Book,"The first practical guide to infrastructure security using Intelligent Transportation Systems (ITS) Intelligent Transportation Systems, or ITS, integrates different computing, control, and communi...",Scopus,Transportation Infrastructure Security Utilizing Intelligent Transportation Systems
3394,3395,Run-time power gating of on-chip routers using look-ahead routing,"Matsutani, Hiroki (35617834900); Koibuchi, Michihiro (9733682900); Amano, Hideharu (7201933332); Wang, Daihan (24328923300)",10.1109/ASPDAC.2008.4484015,https://www.scopus.com/inward/record.uri?eid=2-s2.0-49549124458&doi=10.1109%2fASPDAC.2008.4484015&partnerID=40&md5=e18ec14715f8e566fca1a82d5bf82ad8,2008,Conference paper,"Since on-chip routers in Network-on-Chips play a key role in on-chip communication between cores, they should be always preparing for packet injections even if a part of cores are in standby mode,...",Scopus,"Proceedings of the Asia and South Pacific Design Automation Conference, ASP-DAC"
3398,3399,TPM context manager and dynamic configuration management for trusted virtualization platform,"Qin, Yu (55684694000); Feng, Dengguo (7401981154); Liu, Chunyong (7409788458)",10.1007/s11859-008-0506-5,https://www.scopus.com/inward/record.uri?eid=2-s2.0-57049163076&doi=10.1007%2fs11859-008-0506-5&partnerID=40&md5=c111acbdd8f871ae5ccee79e89e18c31,2008,Article,"It is absolutely critical that trusted configuration management which significantly affects trust chain establishment, sealing storage and remote attestation, especially in trusted virtualization ...",Scopus,Wuhan University Journal of Natural Sciences
3417,3418,A replica selection approach based on prediction in data grid,"Li, Jing (57206963453)",10.1109/SKG.2007.18,https://www.scopus.com/inward/record.uri?eid=2-s2.0-50149084065&doi=10.1109%2fSKG.2007.18&partnerID=40&md5=a51b320b20e44beba665ac11b1cbdab4,2007,Conference paper,"Data replication is adopted to improve data access performance in Data grid. When different sites hold replicas, there are significant benefits while selecting the best replica. In this paper, we ...",Scopus,"3rd International Conference on Semantics, Knowledge, and Grid, SKG 2007"
3423,3424,Web object information extraction based on generalized hidden Markov model,"Wang, Jing (55961776900); Yao, Yong (36550854700); Liu, ZhiJing (23389782500)",10.1109/ISCIT.2007.4392257,https://www.scopus.com/inward/record.uri?eid=2-s2.0-46749097644&doi=10.1109%2fISCIT.2007.4392257&partnerID=40&md5=c6f468df64e45735889b6e150eaaf6d7,2007,Conference paper,"Due to the differences between web page and plain text document, the concept of web object is introduced in this paper. Besides, the supposed state transition and the emission symbol conditions ar...",Scopus,ISCIT 2007 - 2007 International Symposium on Communications and Information Technologies Proceedings
3477,3478,Advanced virtual reality technologies for surveillance and security applications,"Ott, Renaud (8604084900); Gutiérrez, Mario (7401851008); Thalmann, Daniel (7005885082); Vexo, Frédéric (6506767458)",10.1145/1128923.1128949,https://www.scopus.com/inward/record.uri?eid=2-s2.0-33748114477&doi=10.1145%2f1128923.1128949&partnerID=40&md5=811fcc65e214b810717de97fdf1b0399,2006,Conference paper,We present a system that exploits advanced Virtual Reality technologies to create a surveillance and security system. Surveillance cameras are carried by a mini Blimp which is tele-operated using ...,Scopus,Proceedings - VRCIA 2006: ACM International Conference on Virtual Reality Continuum and its Applications
3504,3505,Coherent optical MIMO,"Jalali, Bahram (7004889917); Hsu, Rick C.J. (8982298900); Shah, Akhil R. (8982299000)",10.1117/12.604779,https://www.scopus.com/inward/record.uri?eid=2-s2.0-27544487679&doi=10.1117%2f12.604779&partnerID=40&md5=68aa8216363788938478871461a919af,2005,Conference paper,In this paper we present a Coherent Optical Multiple-Input Multiple-Output (COMIMO) communication system and its ability to exploit the inherent information capacity of Multi-Mode Fiber (MMF). COM...,Scopus,Proceedings of SPIE - The International Society for Optical Engineering
3647,3648,Feasibility of twin-field quantum key distribution based on multi-mode coherent phase-coded states,"Chistiakov V,Kozubov A,Gaidash A,Gleim A,Miroshnichenko G",10.1364/OE.27.036551,http://dx.doi.org/10.1364/OE.27.036551,2019,Journal Article,In this paper we propose feasibility demonstration of twin-field quantum key ditribution system based on multi-mode weak coherent phase-coded states. Their utilization provides indisputable advant...,Web of Science,OPTICS EXPRESS
3650,3651,Broadcast Encryption with Size N-1/3 and More from k-Lin,Wee H,10.1007/978-3-030-84259-8_6,http://dx.doi.org/10.1007/978-3-030-84259-8_6,2021,Conference Paper,"We present the first pairing-based ciphertext-policy attribute-based encryption (CP-ABE) scheme for the class of degree 3 polynomials with compact parameters: the public key, ciphertext and secret...",Web of Science,"ADVANCES IN CRYPTOLOGY - CRYPTO 2021, PT IV"
3718,3719,INFRASTRUCTURE FOR LEARNING THE BEHAVIOUR OF MALICIOUS AND ABNORMAL APPLICATIONS,"Gheorghe L,Mogosanu L,Carabas M,Voiculescu VG,Gibson G",10.12753/2066-026X-15-030,http://dx.doi.org/10.12753/2066-026X-15-030,2015,Conference Paper,"Nowadays, Android is one of the most popular operating systems for mobile devices. Therefore, an increasing number of exploits and malicious applications for Android are developed by attackers. Ma...",Web of Science,"RETHINKING EDUCATION BY LEVERAGING THE ELEARNING PILLAR OF THE DIGITAL AGENDA FOR EUROPE!, VOL. I"
3723,3724,Taxonomy of Cyber Threats,,10.1007/978-3-030-88559-5_3,http://link.springer.com/openurl/fulltext?id=doi:10.1007/978-3-030-88559-5_3,2022-01-01,Chapter,"Cyber threats span the attack cycle, and include both offensive and defensive elements. Several conceptual models help with describing the attack process and associated entities, in developing a t...",SpringerLink,An Introduction to Cyber Analysis and Targeting
3742,3743,A Framework for User Awareness and Acceptance of Smart Card and Fingerprint-Based Access Control to Medical Information Systems in South Africa,M. E. Maeko; D. T. Van Der Haar,,https://ieeexplore.ieee.org/stamp/stamp.jsp?arnumber=8417340,2018.0,IEEE Conferences,This paper proposes a framework for user awareness and acceptance of smart card and fingerprint-based access control to medical information systems in South Africa. The study was conducted at Char...,IEEE Xplore,2018 IST-Africa Week Conference (IST-Africa)
3759,3760,5 Reinforcement Learning,K. -C. Chen,,https://ieeexplore.ieee.org/xpl/ebooks/bookPdfWithBanner.jsp?fileName=9310655.pdf&bkn=9310536&pdfType=chapter,2020.0,River eBook Chapters,"Robots, autonomous vehicles, unmanned aerial vehicles, and smart factory, will significantly change human living style in digital society. Artificial Intelligence in Wireless Robotics introduces h...",IEEE Xplore,Artificial Intelligence in Wireless Robotics
3796,3797,Multi-modal and multi-sensor approach to support security management tasks,"Almer, Alexander (6602180566); Schnabel, Thomas (23493755800); Weber, Anna (56540583500); Köfler, Armin (56971043000); Perko, Roland (23397803500); Ladstätter, Stefan (36623838000); Klopschitz, Ma...",,https://www.scopus.com/inward/record.uri?eid=2-s2.0-85092064685&partnerID=40&md5=e21913edc76646e42bc1af633d886597,2020,Conference paper,Recent changes in the dynamic characteristics of security and emergency management requirements have a big impact on the development of more effective security systems. Innovative solutions have t...,Scopus,"IDIMT 2020: Digitalized Economy, Society and Information Management - 28th Interdisciplinary Information Management Talks"
3805,3806,Internal flow behavior and pressure increasing mechanism of a supersonic steam injector,"Kamata, Yuki (57204564397); Abe, Yutaka (7404578554); Kaneko, Akiko (35299446400)",,https://www.scopus.com/inward/record.uri?eid=2-s2.0-85071358335&partnerID=40&md5=14606a10618392986e67f675f02b60c5,2019,Conference paper,Steam injector (SI) are attracting attention as countermeasures against severe-accident in nuclear reactors. It is a static jet pump which operates using driving force to draw steam and water by i...,Scopus,"International Conference on Nuclear Engineering, Proceedings, ICONE"
3882,3883,Event driven adaptive security in internet of things,"Aman, Waqas (57212405347); Snekkenes, Einar (55929053700)",,https://www.scopus.com/inward/record.uri?eid=2-s2.0-84924482288&partnerID=40&md5=62e004ae84dcdd77a6f68f685de3da2d,2014,Conference paper,"With Internet of Things (IoT), new and improved personal, commercial and social opportunities can be explored and availed. However, with this extended network, the corresponding threat landscape w...",Scopus,"UBICOMM 2014 - 8th International Conference on Mobile Ubiquitous Computing, Systems, Services and Technologies"
3936,3937,Multimodal biometric system based on near- infra-red dorsal hand geometry and fingerprints for single and whole hands,"Shahin, Mohamed K. (7005839228); Badawi, Ahmed M. (7005226591); Rasmy, Mohamed E. M. (6602996845)",,https://www.scopus.com/inward/record.uri?eid=2-s2.0-80052173149&partnerID=40&md5=4cb5ded82a87a196b6dc84ea40065ce8,2011,Article,"Prior research evidenced that unimodal biometric systems have several tradeoffs like noisy data, intra-class variations, restricted degrees of freedom, non-universality, spoof attacks, and unaccep...",Scopus,"World Academy of Science, Engineering and Technology"
4031,4032,"The ""SecurePhone"": A mobile phone with biometric authentication and e-signature support for dealing secure transactions on the fly","Ricci, R. (55568510879); Chollet, G. (6603735124); Crispino, M.V. (14068487200); Jassim, S. (6603797774); Koreman, J. (14024499300); Morris, A. (14024830800); Olivar-Dimas, M. (14069187800); Garcí...",,https://www.scopus.com/inward/record.uri?eid=2-s2.0-77954135455&partnerID=40&md5=40876e12d44fd46388fc60c397461398,2006,Conference paper,"This article presents an overview of the SecurePhone project, with an account of the first results obtained. SecurePhone's primary aim is to realise a mobile phone prototype - the ""SecurePhone"" - ...",Scopus,"SECRYPT 2006 - International Conference on Security and Cryptography, Proceedings"
4107,4108,File service mechanism for distributed systems,"Tanaka, Mikio (55502276800); Fukuchi, Hironori (7005147446)",,https://www.scopus.com/inward/record.uri?eid=2-s2.0-0025467349&partnerID=40&md5=5246d372e5db92d071a6f92fcb06fb09,1990,Article,This paper introduces our experimental file service mechanisms for distributed systems and shows its implementation as a prototype in a computer network at Advanced System Research Organization (A...,Scopus,Quarterly Report of RTRI (Railway Technical Research Institute) (Japan)
4126,4127,Threshold Public-Key Encryption with Adaptive Security and Short Ciphertexts,"Qin B,Wu Q,Zhang L,Domingo-Ferrer J",,,2010,Conference Paper,Threshold public-key encryption (TPKE) allows a set of users to decrypt a ciphertext if a given threshold of authorized users cooperate. Existing TPKE schemes suffer from either long ciphertexts w...,Web of Science,INFORMATION AND COMMUNICATIONS SECURITY
4163,4164,Computer Immunodeficiency: Analogy between Computer Security and HIV,Daskapan S,,,2006,Conference Paper,"Current security systems are designed to prevent foreseeable attacks. Those security systems do not prevent effectively the more emergent types of attacks, like a botnet, whose presence and behavi...",Web of Science,"PACIFIC ASIA CONFERENCE ON INFORMATION SYSTEMS 2006, SECTIONS 1-8"
4224,4225,Conjugate 2DPalmHash Code for Secure Palm-print-vein Verification,"Leng L,Li M,Leng L,Teoh AB",,,2013,Conference Paper,Multi-modal biometrics enjoy more merits than their single-modal counterparts in terms of accuracy performance and security. The fusion of hand-based biometrics such as palmprint and palmvein is s...,Web of Science,"2013 6TH INTERNATIONAL CONGRESS ON IMAGE AND SIGNAL PROCESSING (CISP), VOLS 1-3"
4242,4243,Secure Web Based Home Automation Application Layer Based Security Using Embedded Programmable Logic Controller,Cebrat G,,,2014,Conference Paper,The paper postulates the feasibility of an open but secure and affordable home automation system. An Internet enabled embedded programmable logic controller is used in the context of intelligent n...,Web of Science,2014 2ND INTERNATIONAL CONFERENCE ON INFORMATION AND COMMUNICATION TECHNOLOGY (ICOICT)
4268,4269,Distributed Denial of Service Attacks Detection Using Support Vector Machine,"Ahmad I,Abdullah AB,Alghamdi AS,Hussain M",,,2011,Journal Article,"Attacks on the networks are most important issues. Therefore, the prevention of such attacks is imperative. The hindrance of such attacks is exclusively dependent on their detection. The detection...",Web of Science,INFORMATION-AN INTERNATIONAL INTERDISCIPLINARY JOURNAL
4303,4304,Bayesian Decision Fusion of Palm and Finger Prints for Personal Identification,"Salah-Ud-Din,Bin Mansoor A,Mumtaz M,Mumtaz R",,,2010,Conference Paper,"The ever increasing demand of security has resulted in a wide use of Biometrics systems. Despite overcoming the traditional verification problems, the unimodal systems suffer from various challeng...",Web of Science,"2010 THE 3RD INTERNATIONAL CONFERENCE ON COMPUTATIONAL INTELLIGENCE AND INDUSTRIAL APPLICATION (PACIIA2010), VOL III"
4327,4328,Abstract Certification of Global Non-interference in Rewriting Logic,"Alba-Castro M,Alpuente M,Escobar S",,,2010,Conference Paper,Non-interference is a semantic program property that assigns confidentiality levels to data objects and prevents illicit information flows from occurring from high to low security levels. In this ...,Web of Science,FORMAL METHODS FOR COMPONENTS AND OBJECTS
